rating_category,review_count,checkin_count,tip_count
High-Rated,63.09937813198092,80.71858962748294,8.06979411942281
Low-Rated,37.152861952861954,64.84320987654321,5.456341189674523
